-- =============================================
-- 借阅系统数据库 - 完整测试数据插入脚本
-- 按顺序执行：author → publisher → category → book → rule → reader → borrowrecord → fine → user
-- =============================================

USE 借阅系统数据库;

-- =============================================
-- 1. 作者表 author（15位真实作者）
-- =============================================
INSERT INTO author (author_name, country, introduction) VALUES
('鲁迅', '中国', '原名周树人，中国现代文学奠基人，代表作《呐喊》《彷徨》《朝花夕拾》'),
('莫言', '中国', '2012年诺贝尔文学奖获得者，代表作《红高粱家族》《蛙》《丰乳肥臀》'),
('余华', '中国', '当代著名作家，代表作《活着》《许三观卖血记》《兄弟》'),
('刘慈欣', '中国', '科幻作家，雨果奖获得者，代表作《三体》三部曲'),
('王小波', '中国', '当代学者型作家，代表作《黄金时代》《沉默的大多数》'),
('村上春树', '日本', '日本当代著名作家，代表作《挪威的森林》《1Q84》'),
('东野圭吾', '日本', '日本推理小说家，代表作《白夜行》《嫌疑人X的献身》《解忧杂货店》'),
('J.K.罗琳', '英国', '英国作家，《哈利·波特》系列作者，全球最畅销作家之一'),
('乔治·奥威尔', '英国', '英国作家，代表作《1984》《动物农场》'),
('马尔克斯', '哥伦比亚', '1982年诺贝尔文学奖获得者，代表作《百年孤独》《霍乱时期的爱情》'),
('陈忠实', '中国', '当代作家，代表作《白鹿原》，获第四届茅盾文学奖'),
('钱钟书', '中国', '学者型作家，代表作《围城》《管锥编》'),
('阿加莎·克里斯蒂', '英国', '侦探小说女王，代表作《无人生还》《东方快车谋杀案》'),
('卡夫卡', '奥地利', '表现主义文学先驱，代表作《变形记》《审判》《城堡》'),
('曹雪芹', '中国', '清代作家，著有中国古典名著《红楼梦》');

-- =============================================
-- 2. 出版社表 publisher
-- =============================================
INSERT INTO publisher (publisher_name, address, phone) VALUES
('人民文学出版社', '北京市东城区朝内大街166号', '010-65252066'),
('上海译文出版社', '上海市虹口区吴淞路514号', '021-53594508'),
('中信出版社', '北京市朝阳区建国门外大街甲6号', '010-85116677'),
('重庆出版社', '重庆市渝中区长江二路205号', '023-68706699'),
('南海出版公司', '海口市金盘开发区建设三横路2号', '0898-66830991'),
('译林出版社', '南京市湖南路1号', '025-83658680'),
('作家出版社', '北京市朝阳区农展馆南里10号', '010-65930756'),
('人民邮电出版社', '北京市丰台区成寿寺路11号', '010-81055256');

-- =============================================
-- 3. 图书分类表 category（含 description 字段）
-- =============================================
INSERT INTO category (category_name, description) VALUES
('中国文学', '中国古代及现当代文学作品'),
('外国文学', '翻译引进的国外文学作品'),
('科幻小说', '以科学幻想为题材的小说作品'),
('推理悬疑', '侦探推理及悬疑类小说'),
('历史传记', '历史事件及人物传记类书籍'),
('哲学思想', '哲学、思想及社会科学类书籍'),
('计算机科学', '计算机技术与编程相关书籍'),
('自然科学', '物理、化学、生物等自然科学类书籍');

-- =============================================
-- 4. 图书表 book（10本真实图书）
-- status 默认值为 '在馆'
-- =============================================
INSERT INTO book (isbn, book_name, author_id, category_id, publisher_id, publish_date, price, total_count, available_count, status) VALUES
('978-7-02-000220-6', '呐喊', 1, 1, 1, '2012-03-01', 19.00, 5, 2, '在馆'),
('978-7-02-011207-3', '红高粱家族', 2, 1, 1, '2012-10-01', 35.00, 3, 1, '在馆'),
('978-7-5063-7295-3', '活着', 3, 1, 7, '2012-08-01', 28.00, 6, 3, '在馆'),
('978-7-229-03093-3', '三体', 4, 3, 4, '2008-01-01', 23.00, 8, 4, '在馆'),
('978-7-5327-5918-4', '挪威的森林', 6, 2, 2, '2018-07-01', 36.00, 4, 2, '在馆'),
('978-7-5442-7950-8', '嫌疑人X的献身', 7, 4, 5, '2014-05-01', 32.00, 5, 1, '在馆'),
('978-7-02-008476-9', '哈利·波特与魔法石', 8, 2, 1, '2020-10-01', 39.00, 6, 3, '在馆'),
('978-7-5327-3408-2', '1984', 9, 2, 2, '2017-01-01', 32.00, 4, 1, '在馆'),
('978-7-5442-3425-5', '百年孤独', 10, 2, 5, '2017-08-01', 55.00, 5, 2, '在馆'),
('978-7-02-000215-2', '围城', 12, 1, 1, '1991-02-01', 25.00, 4, 2, '在馆');

-- =============================================
-- 5. 借阅规则表 rule
-- =============================================
INSERT INTO `rule` (reader_type, max_borrow_days, max_borrow_count, fine_per_day, max_renew_times, renew_days) VALUES
('本科生', 30, 5, 0.50, 1, 15),
('研究生', 60, 10, 0.30, 2, 30),
('教师', 90, 20, 0.20, 3, 30),
('校外人员', 14, 2, 1.00, 0, 0);

-- =============================================
-- 6. 读者表 reader（20条真实感数据）
-- =============================================
INSERT INTO reader (reader_name, gender, phone, reader_type, register_date, status) VALUES
('陈思远', '男', '13912345678', '本科生', '2024-09-01', '正常'),
('林晓彤', '女', '13898765432', '本科生', '2024-09-01', '正常'),
('王浩然', '男', '15012340001', '本科生', '2024-09-03', '正常'),
('赵雨萱', '女', '15198760002', '本科生', '2024-09-05', '正常'),
('刘子轩', '男', '13712340003', '本科生', '2025-02-20', '正常'),
('张明慧', '女', '18612340004', '研究生', '2023-09-01', '正常'),
('李博文', '男', '18798760005', '研究生', '2023-09-01', '正常'),
('吴思琪', '女', '13612340006', '研究生', '2024-03-01', '正常'),
('周天宇', '男', '15912340007', '研究生', '2024-09-01', '正常'),
('孙艺涵', '女', '17612340008', '研究生', '2022-09-01', '正常'),
('马建国', '男', '13312340009', '教师', '2020-03-15', '正常'),
('黄丽华', '女', '13598760010', '教师', '2019-09-01', '正常'),
('杨志强', '男', '18912340011', '教师', '2021-06-01', '正常'),
('徐静怡', '女', '15512340012', '教师', '2022-09-01', '正常'),
('郑伟明', '男', '13812340013', '教师', '2018-03-01', '正常'),
('何小芳', '女', '13612340014', '校外人员', '2025-10-10', '正常'),
('钱学林', '男', '18812340015', '校外人员', '2025-11-01', '正常'),
('方志远', '男', '13712340016', '本科生', '2025-03-01', '挂失'),
('高雅文', '女', '15612340017', '本科生', '2024-09-01', '注销'),
('唐俊杰', '男', '13912340018', '研究生', '2024-09-01', '正常');

-- =============================================
-- 7. 借阅记录表 borrowrecord（30条，覆盖各种场景）
-- =============================================
INSERT INTO borrowrecord (reader_id, book_id, rule_id, borrow_date, due_date, return_date, is_renewed, overdue_days, borrow_status) VALUES
-- 正常借还（本科生，30天）
(1, 1, 1, '2025-10-05', '2025-11-04', '2025-10-28', 0, 0, '已归还'),
(1, 2, 1, '2025-11-10', '2025-12-10', '2025-12-08', 0, 0, '已归还'),
(2, 3, 1, '2025-10-12', '2025-11-11', '2025-11-10', 0, 0, '已归还'),
(3, 4, 1, '2025-11-01', '2025-12-01', '2025-11-20', 0, 0, '已归还'),
(4, 5, 1, '2025-12-01', '2025-12-31', '2025-12-25', 0, 0, '已归还'),
-- 续借场景（本科生续借15天）
(5, 6, 1, '2026-01-05', '2026-02-19', '2026-02-15', 1, 0, '已归还'),
(1, 7, 1, '2026-03-01', '2026-04-15', NULL, 1, 0, '借阅中'),
-- 逾期归还（本科生）
(2, 8, 1, '2025-09-15', '2025-10-15', '2025-10-22', 0, 7, '已归还'),
(3, 9, 1, '2025-11-20', '2025-12-20', '2025-12-25', 0, 5, '已归还'),
(4, 10, 1, '2026-02-10', '2026-03-12', '2026-03-20', 0, 8, '已归还'),
-- 研究生借阅（60天）
(6, 1, 2, '2025-10-01', '2025-11-30', '2025-11-15', 0, 0, '已归还'),
(7, 2, 2, '2025-11-01', '2025-12-31', '2025-12-20', 0, 0, '已归还'),
(8, 3, 2, '2026-01-10', '2026-03-11', '2026-03-05', 0, 0, '已归还'),
(9, 4, 2, '2026-02-15', '2026-04-16', NULL, 0, 0, '借阅中'),
-- 研究生逾期
(10, 5, 2, '2025-09-01', '2025-10-31', '2025-11-10', 0, 10, '已归还'),
-- 研究生续借
(6, 6, 2, '2026-03-01', '2026-05-30', NULL, 1, 0, '借阅中'),
-- 教师借阅（90天）
(11, 7, 3, '2025-09-01', '2025-11-30', '2025-11-20', 0, 0, '已归还'),
(12, 8, 3, '2025-10-15', '2026-01-13', '2026-01-10', 0, 0, '已归还'),
(13, 9, 3, '2026-01-05', '2026-04-05', NULL, 0, 0, '借阅中'),
(14, 10, 3, '2026-02-20', '2026-05-21', NULL, 0, 0, '借阅中'),
-- 教师逾期
(15, 1, 3, '2025-06-01', '2025-08-30', '2025-09-05', 0, 6, '已归还'),
-- 校外人员借阅（14天）
(16, 2, 4, '2026-04-01', '2026-04-15', '2026-04-14', 0, 0, '已归还'),
(17, 3, 4, '2026-04-10', '2026-04-24', '2026-04-28', 0, 4, '已归还'),
-- 当前借阅中
(1, 4, 1, '2026-05-20', '2026-06-19', NULL, 0, 0, '借阅中'),
(2, 5, 1, '2026-05-25', '2026-06-24', NULL, 0, 0, '借阅中'),
(5, 6, 1, '2026-05-28', '2026-06-27', NULL, 0, 0, '借阅中'),
(7, 7, 2, '2026-05-10', '2026-07-09', NULL, 0, 0, '借阅中'),
(11, 8, 3, '2026-04-01', '2026-06-30', NULL, 0, 0, '借阅中'),
-- 逾期未还
(3, 9, 1, '2026-04-15', '2026-05-15', NULL, 0, 0, '逾期'),
(8, 10, 2, '2026-03-01', '2026-04-30', NULL, 0, 0, '逾期');

-- =============================================
-- 8. 罚款表 fine（对应已归还的逾期记录）
-- 注意：如果已建触发器 trg_auto_create_fine，
--       请勿重复插入，触发器会在归还时自动生成
-- =============================================
INSERT INTO fine (borrow_id, fine_amount, is_paid, create_date, pay_date) VALUES
-- borrow_id=8: 本科生逾期7天, 0.50×7=3.50元
(8, 3.50, 1, '2025-10-22', '2025-10-25'),
-- borrow_id=9: 本科生逾期5天, 0.50×5=2.50元
(9, 2.50, 1, '2025-12-25', '2025-12-28'),
-- borrow_id=10: 本科生逾期8天, 0.50×8=4.00元
(10, 4.00, 1, '2026-03-20', '2026-03-22'),
-- borrow_id=15: 研究生逾期10天, 0.30×10=3.00元
(15, 3.00, 1, '2025-11-10', '2025-11-15'),
-- borrow_id=21: 教师逾期6天, 0.20×6=1.20元
(21, 1.20, 1, '2025-09-05', '2025-09-10'),
-- borrow_id=23: 校外人员逾期4天, 1.00×4=4.00元（未缴纳）
(23, 4.00, 0, '2026-04-28', NULL);

-- =============================================
-- 9. 系统用户表 user（管理员 + 读者账号）【新增】
-- 密码实际项目中应为加密存储，此处为演示用明文
-- =============================================
INSERT INTO `user` (username, password, role, reader_id, create_time) VALUES
-- 系统管理员（不关联reader）
('admin', 'admin123', '系统管理员', NULL, '2020-01-01 00:00:00'),
-- 图书管理员（不关联reader）
('lib_manager1', 'libmgr123', '图书管理员', NULL, '2020-03-15 00:00:00'),
('lib_manager2', 'libmgr456', '图书管理员', NULL, '2021-06-01 00:00:00'),
-- 读者账号（关联reader_id）
('chensiyuan', 'csy12345', '读者', 1, '2024-09-01 08:00:00'),
('linxiaotong', 'lxt12345', '读者', 2, '2024-09-01 08:30:00'),
('wanghaoran', 'whr12345', '读者', 3, '2024-09-03 09:00:00'),
('zhaoyuxuan', 'zyx12345', '读者', 4, '2024-09-05 10:00:00'),
('liuzixuan', 'lzx12345', '读者', 5, '2025-02-20 14:00:00'),
('zhangminghui', 'zmh12345', '读者', 6, '2023-09-01 08:00:00'),
('libowen', 'lbw12345', '读者', 7, '2023-09-01 09:00:00'),
('wusiqi', 'wsq12345', '读者', 8, '2024-03-01 10:00:00'),
('zhoutianyu', 'zty12345', '读者', 9, '2024-09-01 11:00:00'),
('sunyihan', 'syh12345', '读者', 10, '2022-09-01 08:00:00'),
('majianguo', 'mjg12345', '读者', 11, '2020-03-15 08:00:00'),
('huanglihua', 'hlh12345', '读者', 12, '2019-09-01 08:00:00'),
('yangzhiqiang', 'yzq12345', '读者', 13, '2021-06-01 08:00:00'),
('xujingyi', 'xjy12345', '读者', 14, '2022-09-01 08:00:00'),
('zhengweiming', 'zwm12345', '读者', 15, '2018-03-01 08:00:00'),
('hexiaofang', 'hxf12345', '读者', 16, '2025-10-10 09:00:00'),
('qianxuelin', 'qxl12345', '读者', 17, '2025-11-01 10:00:00');
